location,n_years_used,mean_onset_doy,sd_onset_doy,mean_cessation_doy,sd_cessation_doy,mean_season_length,earliest_normal_onset_doy,latest_normal_onset_doy
"Ajingi, Kano",20,182.15,26.974207953836977,261.65,18.06792738528689,79.5,155.17579204616302,209.124207953837
"Albasu, Kano",19,174.89473684210526,37.275095553707324,263.94736842105266,22.229794031660717,89.05263157894737,137.61964128839793,212.1698323958126
"Asa, Kwara",20,109,22.140698415266613,296.65,12.679344993874258,187.65,86.85930158473339,131.14069841526663
"Atakumosa East, Osun",20,99.8,27.358439475348657,301.4,15.18794535842575,201.6,72.44156052465134,127.15843947534866
"Atakumosa West, Osun",20,86.75,27.035794986023916,305.4,13.861723140398261,218.65,59.714205013976084,113.78579498602392
"Ayedaade, Osun",20,86.75,27.035794986023916,305.4,13.861723140398261,218.65,59.714205013976084,113.78579498602392
"Ayedire, Osun",20,86.75,27.035794986023916,305.4,13.861723140398261,218.65,59.714205013976084,113.78579498602392
"Bagwai, Kano",20,177.45,27.31776942423721,265.55,17.27631478734915,88.1,150.13223057576278,204.7677694242372
"Baruten, Kwara",20,112.75,23.298689820855184,287.9,11.575382226268406,175.15,89.45131017914481,136.04868982085517
"Bebeji, Kano",20,167.45,33.918594496700166,270.7,24.789853612017623,103.25,133.53140550329982,201.36859449670015
"Bichi, Kano",20,177.45,27.31776942423721,265.55,17.27631478734915,88.1,150.13223057576278,204.7677694242372
"Boluwaduro, Osun",20,102.9,23.332606504970453,297,13.856406460551018,194.1,79.56739349502955,126.23260650497046
"Boripe, Osun",20,102.9,23.332606504970453,297,13.856406460551018,194.1,79.56739349502955,126.23260650497046
"Bunkure, Kano",20,175.9,33.894418108995005,264.25,24.148389943060497,88.35,142.005581891005,209.79441810899502
"Dala, Kano",20,182.15,26.974207953836977,261.65,18.06792738528689,79.5,155.17579204616302,209.124207953837
"Dambatta, Kano",20,178.65,19.015990501071517,261.95,17.863444001058344,83.3,159.6340094989285,197.66599050107152
"Dawakin Kudu, Kano",20,182.15,26.974207953836977,261.65,18.06792738528689,79.5,155.17579204616302,209.124207953837
"Dawakin Tofa, Kano",20,177.45,27.31776942423721,265.55,17.27631478734915,88.1,150.13223057576278,204.7677694242372
"Doguwa, Kano",20,159.9,39.86807191092563,270.35,24.62406824312557,110.45,120.03192808907437,199.76807191092564
"Ede North, Osun",20,86.75,27.035794986023916,305.4,13.861723140398261,218.65,59.714205013976084,113.78579498602392
"Ede South, Osun",20,86.75,27.035794986023916,305.4,13.861723140398261,218.65,59.714205013976084,113.78579498602392
"Edu, Kwara",20,135.05,22.81614156226845,283.05,17.07714693291655,148,112.23385843773156,157.86614156226847
"Egbedore, Osun",20,94.1,22.33689419111939,298.35,12.877050168910253,204.25,71.7631058088806,116.43689419111939
"Ejigbo, Osun",20,94.1,22.33689419111939,298.35,12.877050168910253,204.25,71.7631058088806,116.43689419111939
"Ekiti, Kwara",20,118.1,31.975154828644527,291.35,19.65565406803104,173.25,86.12484517135547,150.07515482864451
"Fagge, Kano",20,182.15,26.974207953836977,261.65,18.06792738528689,79.5,155.17579204616302,209.124207953837
"Gabasawa, Kano",20,182.15,26.974207953836977,261.65,18.06792738528689,79.5,155.17579204616302,209.124207953837
"Garko, Kano",20,175.9,33.894418108995005,264.25,24.148389943060497,88.35,142.005581891005,209.79441810899502
"Garum Mallam, Kano",20,167.45,33.918594496700166,270.7,24.789853612017623,103.25,133.53140550329982,201.36859449670015
"Gaya, Kano",20,182.15,26.974207953836977,261.65,18.06792738528689,79.5,155.17579204616302,209.124207953837
"Gezawa, Kano",20,182.15,26.974207953836977,261.65,18.06792738528689,79.5,155.17579204616302,209.124207953837
"Gwale, Kano",20,182.15,26.974207953836977,261.65,18.06792738528689,79.5,155.17579204616302,209.124207953837
"Gwarzo, Kano",20,177.45,27.31776942423721,265.55,17.27631478734915,88.1,150.13223057576278,204.7677694242372
"Ife East, Osun",20,86.75,27.035794986023916,305.4,13.861723140398261,218.65,59.714205013976084,113.78579498602392
"Ife North, Osun",20,86.75,27.035794986023916,305.4,13.861723140398261,218.65,59.714205013976084,113.78579498602392
"Ife South, Osun",20,85.25,28.147870817860227,309.6,14.662519349832435,224.35,57.10212918213978,113.39787081786022
"IfeCentral, Osun",20,86.75,27.035794986023916,305.4,13.861723140398261,218.65,59.714205013976084,113.78579498602392
"Ifedayo, Osun",20,102.9,23.332606504970453,297,13.856406460551018,194.1,79.56739349502955,126.23260650497046
"Ifelodun, Kwara",20,113.55,19.916866695024304,291.9,15.47119564664742,178.35,93.6331333049757,133.4668666950243
"Ifelodun, Osun",20,94.1,22.33689419111939,298.35,12.877050168910253,204.25,71.7631058088806,116.43689419111939
"Ila, Osun",20,102.9,23.332606504970453,297,13.856406460551018,194.1,79.56739349502955,126.23260650497046
"Ilesha East, Osun",20,99.8,27.358439475348657,301.4,15.18794535842575,201.6,72.44156052465134,127.15843947534866
"Ilesha West, Osun",20,99.8,27.358439475348657,301.4,15.18794535842575,201.6,72.44156052465134,127.15843947534866
"Ilorin East, Kwara",20,109,22.140698415266613,296.65,12.679344993874258,187.65,86.85930158473339,131.14069841526663
"Ilorin South, Kwara",20,109,22.140698415266613,296.65,12.679344993874258,187.65,86.85930158473339,131.14069841526663
"Ilorin West, Kwara",20,109,22.140698415266613,296.65,12.679344993874258,187.65,86.85930158473339,131.14069841526663
"Irepodun, Kwara",20,102.9,23.332606504970453,297,13.856406460551018,194.1,79.56739349502955,126.23260650497046
"Irepodun, Osun",20,94.1,22.33689419111939,298.35,12.877050168910253,204.25,71.7631058088806,116.43689419111939
"Irewole, Osun",20,86.75,27.035794986023916,305.4,13.861723140398261,218.65,59.714205013976084,113.78579498602392
"Isin, Kwara",20,113.55,19.916866695024304,291.9,15.47119564664742,178.35,93.6331333049757,133.4668666950243
"Isokan, Osun",20,86.75,27.035794986023916,305.4,13.861723140398261,218.65,59.714205013976084,113.78579498602392
"Iwo, Osun",20,86.75,27.035794986023916,305.4,13.861723140398261,218.65,59.714205013976084,113.78579498602392
"Kabo, Kano",20,177.45,27.31776942423721,265.55,17.27631478734915,88.1,150.13223057576278,204.7677694242372
"Kaiama, Kwara",20,131.65,29.7290837573685,281.85,12.132058444685434,150.2,101.9209162426315,161.3790837573685
"Kano Municipal, Kano",20,182.15,26.974207953836977,261.65,18.06792738528689,79.5,155.17579204616302,209.124207953837
"Karaye, Kano",20,177.45,27.31776942423721,265.55,17.27631478734915,88.1,150.13223057576278,204.7677694242372
"Kibiya, Kano",20,175.9,33.894418108995005,264.25,24.148389943060497,88.35,142.005581891005,209.79441810899502
"Kiru, Kano",20,167.45,33.918594496700166,270.7,24.789853612017623,103.25,133.53140550329982,201.36859449670015
"Kumbotso, Kano",20,182.15,26.974207953836977,261.65,18.06792738528689,79.5,155.17579204616302,209.124207953837
"Kunchi, Kano",20,174.7,24.11834855130229,262.9,17.713806687677863,88.2,150.5816514486977,198.81834855130228
"Kura, Kano",20,182.15,26.974207953836977,261.65,18.06792738528689,79.5,155.17579204616302,209.124207953837
"Madobi, Kano",20,177.45,27.31776942423721,265.55,17.27631478734915,88.1,150.13223057576278,204.7677694242372
"Makoda, Kano",20,178.65,19.015990501071517,261.95,17.863444001058344,83.3,159.6340094989285,197.66599050107152
"Minjibir, Kano",20,182.15,26.974207953836977,261.65,18.06792738528689,79.5,155.17579204616302,209.124207953837
"Moro, Kwara",20,129.05,19.546099355114308,289,14.850128477204285,159.95,109.5039006448857,148.59609935511432
"Nasarawa, Kano",20,182.15,26.974207953836977,261.65,18.06792738528689,79.5,155.17579204616302,209.124207953837
"Obokun, Osun",20,102.9,23.332606504970453,297,13.856406460551018,194.1,79.56739349502955,126.23260650497046
"Odo Otin, Osun",20,94.1,22.33689419111939,298.35,12.877050168910253,204.25,71.7631058088806,116.43689419111939
"Offa, Kwara",20,102.9,23.332606504970453,297,13.856406460551018,194.1,79.56739349502955,126.23260650497046
"Oke-Ero, Kwara",20,102.9,23.332606504970453,297,13.856406460551018,194.1,79.56739349502955,126.23260650497046
"Ola-Oluwa, Osun",20,86.75,27.035794986023916,305.4,13.861723140398261,218.65,59.714205013976084,113.78579498602392
"Olorunda, Osun",20,94.1,22.33689419111939,298.35,12.877050168910253,204.25,71.7631058088806,116.43689419111939
"Oriade, Osun",20,99.8,27.358439475348657,301.4,15.18794535842575,201.6,72.44156052465134,127.15843947534866
"Orolu, Osun",20,94.1,22.33689419111939,298.35,12.877050168910253,204.25,71.7631058088806,116.43689419111939
"Osogbo, Osun",20,86.75,27.035794986023916,305.4,13.861723140398261,218.65,59.714205013976084,113.78579498602392
"Oyun, Kwara",20,94.1,22.33689419111939,298.35,12.877050168910253,204.25,71.7631058088806,116.43689419111939
"Pategi, Kwara",20,137.65,32.13994890769855,287.5,19.32955195930233,149.85,105.51005109230145,169.78994890769854
"Rano, Kano",20,175.9,33.894418108995005,264.25,24.148389943060497,88.35,142.005581891005,209.79441810899502
"Rimin Gado, Kano",20,177.45,27.31776942423721,265.55,17.27631478734915,88.1,150.13223057576278,204.7677694242372
"Rogo, Kano",20,167.45,33.918594496700166,270.7,24.789853612017623,103.25,133.53140550329982,201.36859449670015
"Shanono, Kano",20,177.45,27.31776942423721,265.55,17.27631478734915,88.1,150.13223057576278,204.7677694242372
"Sumaila, Kano",20,175.9,33.894418108995005,264.25,24.148389943060497,88.35,142.005581891005,209.79441810899502
"Takai, Kano",19,174.89473684210526,37.275095553707324,263.94736842105266,22.229794031660717,89.05263157894737,137.61964128839793,212.1698323958126
"Tarauni, Kano",20,182.15,26.974207953836977,261.65,18.06792738528689,79.5,155.17579204616302,209.124207953837
"Tofa, Kano",20,177.45,27.31776942423721,265.55,17.27631478734915,88.1,150.13223057576278,204.7677694242372
"Tsanyawa, Kano",20,177.45,27.31776942423721,265.55,17.27631478734915,88.1,150.13223057576278,204.7677694242372
"Tundun Wada, Kano",20,175.9,33.894418108995005,264.25,24.148389943060497,88.35,142.005581891005,209.79441810899502
"Ungogo, Kano",20,182.15,26.974207953836977,261.65,18.06792738528689,79.5,155.17579204616302,209.124207953837
"Warawa, Kano",20,182.15,26.974207953836977,261.65,18.06792738528689,79.5,155.17579204616302,209.124207953837
"Wudil, Kano",20,182.15,26.974207953836977,261.65,18.06792738528689,79.5,155.17579204616302,209.124207953837
